Peptide,IC50
FPLHFGKNVV,37030.9
FPLHFGKNV,39281.04
ARSMLPSFGY,92.38
RSMLPSFGY,30.94
MLPSFGYSMK,74.49
SMLPSFGYSMK,41.5
LPQPWGHPDV,35905.64
LPLSGLVTL,34682.63
APSPAAFSA,26531.72
SPAAFSASA,22993.38
HSTIFLPFK,15.88
STIFLPFKY,23.16
HSTIFLPFKY,362.77
STIFLPFKYM,907.2
KHSTIFLPFK,64.6
RAFSGLACR,149.29
MTRAFSGLACR,711.78
MTRAFSGLA,11431.93
TRAFSGLACR,1395.51
SSAVTPLSPK,7.98
SSAVTPLSPKG,422.92
NPRVLGVPV,35716.57
NPRVLGVPVI,38101.43
SNPRVLGVPV,26894.74
MTSWEIPITK,11.2
NMTSWEIPITK,257.63
TSWEIPITK,19.16
LPSPSVSAT,36924.47
MPTLPSPSVS,25566.23
MPTLPSPSV,33009.04
ESLFATRSPK,149.47
LPAPESLFAT,32604.75
SLFATRSPK,21.8
LPAPESLFA,26491.27
KEPISVLPTV,29542.03
EPISVLPTV,35432.11
EPIALRMLA,33188.11
LILQEPIALR,1541.02
QEPIALRMLA,28194.18
LQEPIALRMLA,31124.91
EPIALRMLAV,32934.13
AVKIFFSRDEK,101.49
VKIFFSRDEK,77.16
ENVAVKIFFSR,12290.91
NVAVKIFFSR,710.46
VAVKIFFSR,392.9
KIFFSRDEK,18.89
LSLWLMTYLK,13.22
SLWLMTYLK,15.89
SLWLMTYLKL,1192.43
NSLSLWLMTY,750.25
SLSLWLMTY,386.35
SLSLWLMTYLK,92.82
GILSTDHLR,885.12
LGILSTDHLR,3515.93
LIVGLVCLK,97.67
YLIVGLVCLK,216.91
RPPSVTRGEV,35991.21
SSYTWHNGK,8.12
GSSYTWHNGK,45.7
YTWHNGKNLR,1057.88
SSYTWHNGKN,867.71
SGSSYTWHNGK,119.07
MLFGNVISAK,51.25
WPAPTPSDF,34894.15
YLILDIDLK,654.61
